6的4倍是多少?	数字量词	初级
Allen是个诗人。	工作职业	初级
A和B的區別是什麼呢？	其他	初级
Dan在新闻中了解到Linda的去世。	其他	中级
Einstein认为自己是一个哲学家。	其他	中级
Emi看上去很幸福。	情感	初级
JavaScript是一种编程语言。	科技	中级
Ken的狗很大。	日常生活	初级
Muiriel现在20岁了。	时间日期	初级
Tom喝了點柳橙汁。	饮食	初级
Tom在哪里出生的？	地点方位	初级
USB是什么意思？	科技	初级
“你能动一下吗？”“哦，对不起，我不知道自己占了那么多空间。”	日常生活	初级
“啊！”是一个感叹词。	语言文化	初级
“她喜欢音乐。”“我也是。”	兴趣娱乐	初级
“这些车是你的吗？”“是的，是我的。”	日常生活	初级
一、二、三、四、五、六、七、八、九、十。	数字量词	入门
一个人得遇到多大的挫折才会自杀？	情感	高级
一个足球队由十一个球员组成。	数字量词	中级
一公斤香蕉多少錢?	购物	初级
一天有二十四个小时。	时间日期	入门
一年有十二個月。	时间日期	入门
一百年叫做一个世纪。	时间日期	中级
一百年被叫做一个世纪。	时间日期	中级
一般來說，消费者喜歡數量勝於質量。	购物	中级
上天保佑，一切都会好起来。	情感	中级
下次請晚一點到。	社交问候	初级
不予置評。	工作职业	高级
不好意思我发音不太好。	语言文化	初级
不好意思，你可以再說一次嗎？	社交问候	初级
不客气。	社交问候	入门
不懂。	其他	入门
不是說笑的。	社交问候	中级
不管一個人有多老，他都能學習。	学习教育	中级
不要恨我。	情感	初级
不要擔心。	情感	初级
不要替我說話。	社交问候	中级
不要等待！	时间日期	入门
不要逃避我的問題。	情感	中级
不，謝謝你。我吃飽了。	饮食	初级
与邻居相亲相爱。	社交问候	初级
世上有三種人：會數數的和不會數數的。	语言文化	中级
世界上有10种人：懂二进制的人和不懂二进制的人。	科技	中级
世界就是一个疯子的囚笼。	情感	高级
世界语是爱的语言。	语言文化	中级
东西在爸爸的车上。	日常生活	初级
两个女人唱着歌。	兴趣娱乐	初级
个人隐私就是一个笑话。	情感	中级
中国与巴基斯坦、印度、阿富汗、塔吉克斯坦、吉尔吉斯斯坦、哈萨克斯坦、北朝鲜、老挝、越南、尼泊尔、不丹、缅甸、蒙古和俄罗斯接壤。	旅行交通	高级
中国也许是世界上唯一一个由政府控制温度的国家。	其他	高级
中国是一个新兴市场。	其他	中级
中国重要的宗教是道教、佛教、伊斯兰教和基督教。	语言文化	中级
中國的四大名著是《西遊記》《三國演義》《水滸傳》和《紅樓夢》。	语言文化	中级
中文并不是世界上最难的语言。	语言文化	中级
为什么你不吃蔬菜？	饮食	初级
为什么你学世界语？	学习教育	中级
为什么我在哭？	情感	初级
为什么生活充满着那么多痛苦?	情感	中级
亞歷山大大帝死在巴比倫。	语言文化	中级
人們喜歡他，因為他很友善。	社交问候	初级
人是人。	其他	入门
人生不是凸的。	其他	中级
人生即是一場夢。	情感	中级
人类是唯一彼此交谈的动物。	语言文化	初级
人类是唯一能够彼此交谈的动物。	语言文化	初级
什么动物是棕色的？	天气自然	入门
什么是幸福？	情感	中级
什么？	社交问候	入门
今天下雪。	天气自然	入门
今天你喝水了吗？	健康身体	初级
今天很热。	天气自然	入门
今天早上你為什麼遲到了呢?	学习教育	中级
今天是我生日。	时间日期	入门
今天是我的生日。	时间日期	初级
今天是星期二。	时间日期	入门
今天是星期六。	时间日期	入门
今天是６月１８号，也是Muiriel的生日！	时间日期	中级
今天沒有人能想像一個沒有電視的生活。	科技	中级
今晚天气冷死了。	天气自然	初级
从古到今，没有过不灭亡的国家。	语言文化	高级
他下个月会去纽约。	旅行交通	初级
他不会去芬兰建大学。	工作职业	中级
他不存在。	其他	初级
他不是意大利人吗？	社交问候	初级
他不會開車。	旅行交通	初级
他不知道自己是不是真的想這樣做。	情感	中级
他不经常来学校。	学习教育	初级
他也学习汉语。	学习教育	初级
他付了两倍的费用。	购物	中级
他们七年前在西班牙认识的。	旅行交通	中级
他们不是老师。	工作职业	初级
他们不累。	健康身体	初级
他们从不说谎。	语言文化	初级
他们吃很多米饭。	饮食	初级
他们知道吗？	社交问候	入门
他们都在那里。	地点方位	入门
他们都爱我。	情感	入门
他会说日语。	语言文化	初级
他住在苹果里面。	地点方位	中级
他住在这里吗？	地点方位	入门
他們是俄羅斯人。	语言文化	初级
他們每個星期天上教堂。	时间日期	初级
他写阿拉伯文。	语言文化	中级
他只是个诗人。	语言文化	初级
他叫什么名字？	社交问候	入门
他告诉我什么时候该说是。	社交问候	中级
他告诉过我他会去威尼斯。	旅行交通	中级
他喜欢吹牛。	兴趣娱乐	中级
他喜欢唱歌，也喜欢跳舞。	兴趣娱乐	初级
他喜欢游泳。	兴趣娱乐	入门
他喜欢爵士乐，我也是。	兴趣娱乐	初级
他喜欢这种音乐。	兴趣娱乐	初级
他喜歡茶。	饮食	入门
他喜歡踢足球。	兴趣娱乐	初级
他在一周前离开去往欧洲，就是说，是在五月十号。	时间日期	中级
他在下午三點鐘的時候來了。	时间日期	初级
他在他的同事之中受到歡迎。	工作职业	中级
他够大了，可以独自旅行了。	旅行交通	中级
他太不合群。	情感	中级
他学会了游泳。	学习教育	初级
他寫了一封信。	学习教育	初级
他對我說：「請你幫我一個忙。」	社交问候	中级
他帶珍出去吃晚飯。	饮食	中级
他常常坐着看书一连好几个小时。	兴趣娱乐	中级
他常常彈吉他。	兴趣娱乐	初级
他常常走路去學校。	学习教育	初级
他开始掉头发了。	健康身体	中级
他开始说英语了。	学习教育	中级
他很快就会回来的。	日常生活	初级
他很有信心贏這場比賽。	情感	中级
他很有钱，但不幸福。	情感	初级
他很穷。	情感	初级
他总是在网上。	科技	初级
他想和我们一起来。	社交问候	初级
他想回家，但是他不可以。	日常生活	初级
他愚蠢且荒谬。	情感	初级
他愛她。她也愛他。	情感	初级
他懂義大利文嗎？	语言文化	初级
他把感冒传染给我了。	健康身体	中级
他把自己藏在門後面。	日常生活	中级
他教了我游泳。	学习教育	初级
他昨天在公園裡散步。	日常生活	初级
他是一个朋友吗？	社交问候	初级
他是一个生物学家。	工作职业	初级
他是一位小說家和詩人。	工作职业	中级
他是一名建築師。	工作职业	初级
他是个好人。	情感	初级
他是个忠厚老实的人，不免上当。	情感	高级
他是个酒鬼。	健康身体	中级
他是個大男孩。	其他	初级
他是我女兒最好的朋友。	家庭	中级
他是我最好的朋友。	社交问候	入门
他是我的朋友。	社交问候	入门
他是有錢人家的兒子。	家庭	中级
他是法国人。	语言文化	入门
他是義大利人。	语言文化	初级
他是葡萄牙人。	语言文化	初级
他有一个鸡蛋，他在吃鸡蛋。	饮食	初级
他有一只狗。	家庭	入门
他有两个女儿。	家庭	初级
他有两只猫。	日常生活	初级
他有二十个孩子。	家庭	初级
他有能力教授西班牙文。	学习教育	中级
他有辆车。	旅行交通	初级
他有长头发。	健康身体	初级
他来自杭州。	地点方位	初级
他比我年轻。	家庭	初级
他沒有孩子。	家庭	初级
他没有举起他的手。	日常生活	初级
他没有房子住。	日常生活	中级
他洗车。	日常生活	入门
他游得很好。	兴趣娱乐	初级
他生于19世纪。	时间日期	中级
他用刀切了肉。	饮食	初级
他用英文寫信嗎?	语言文化	初级
他的体重超过80公斤。	健康身体	初级
他的化学很差。	学习教育	初级
他的急脾气迟早会惹祸上身。	情感	中级
他的玩具是蓝色的。	日常生活	入门
他的祖国是德国。	地点方位	初级
他的自行车是蓝色的。	日常生活	入门
他睡著了但收音機還開著。	日常生活	中级
他瞄准了，却没命中。	其他	中级
他知道你愛他嗎?	情感	初级
他站在他母亲的后面。	家庭	中级
他给我们看他母亲的照片。	家庭	初级
他能讲流利的日语。	语言文化	中级
他被批准早退。	工作职业	中级
他认识很多人。	社交问候	初级
他说他累了，所以他想早点回家。	日常生活	初级
他说：“我五天前见过她。”	时间日期	中级
他買給我一本新字典。	购物	中级
他造了一個機器人。	科技	中级
他需要钱。	购物	入门
他非常高大。	健康身体	初级
以眼還眼，以牙還牙。	语言文化	中级
伏特加在哪里？	饮食	入门
会议一直开到五点。	工作职业	初级
伯恩是瑞士首都。	地点方位	初级
似乎很便宜。	购物	初级
但你喜欢！	情感	入门
何不送给她一些花?	社交问候	初级
作者是巴西人。	工作职业	初级
你不再能伤害到我了。	情感	中级
你不用工作吗	工作职业	初级
你不用每天都來這裏。	时间日期	初级
你不要着急。	情感	初级
你不问我，我就不会说谎话。	情感	中级
你为什么不去加入她？	社交问候	中级
你为什么长不大呢？	情感	中级
你也是。	社交问候	入门
你也要去嗎？	旅行交通	初级
你什么时候做完工作？	工作职业	中级
你什么时候回家？	日常生活	初级
你什么都没说。	社交问候	初级
你什么都没跟他说？	社交问候	中级
你今天上午看起來很高興。	情感	初级
你今天要做什麼？	日常生活	初级
你介意我在這裏抽煙嗎？	社交问候	中级
你们吃肉吗？	饮食	初级
你们在写什么？	学习教育	初级
你们在找什么？	日常生活	初级
你们是加拿大人吗？	社交问候	初级
你们该养成使用字典的习惯。	学习教育	中级
你会很惊讶你在一周内能学到的东西。	学习教育	中级
你会来吗？	社交问候	入门
你会讲普通话吗？	语言文化	入门
你会说法语吗？	语言文化	入门
你住哪里？	地点方位	入门
你們呢？	社交问候	入门
你們是義大利人嗎？	语言文化	初级
你写这份报告花了多长时间？	工作职业	中级
你别生我的气啊。	情感	中级
你叫什么名字？	社交问候	入门
你可以做到，不是嗎？	情感	中级
你可以待在這裏一會兒嗎？	时间日期	中级
你可以拿大的盒子或是小的盒子。	购物	中级
你可能已經看過這本書。	学习教育	中级
你同意吗?	社交问候	初级
你听过这首曲子吗？	兴趣娱乐	中级
你喜欢下雨吗？	天气自然	初级
你喜欢什么？	日常生活	入门
你喜欢唱歌吗？	兴趣娱乐	初级
你喜欢我的T恤吗？	购物	初级
你喜欢网球吗？	兴趣娱乐	初级
你喜欢音乐吗？	兴趣娱乐	初级
你喜歡這個地方嗎？	地点方位	入门
你喝咖啡嗎?	饮食	入门
你在干什麼啊？	日常生活	初级
你在等誰?	社交问候	入门
你好！	社交问候	入门
你對他的建議有什麼想法？	社交问候	中级
你应该理解，这是严肃的。	情感	中级
你开始学世界语了。	学习教育	中级
你很快就會習慣這種冷天氣。	天气自然	中级
你很漂亮.	情感	入门
你必须做晚饭吗？	饮食	初级
你必须按照你的计划行事。	其他	中级
你快要走了。	时间日期	初级
你怕狗吗？	日常生活	初级
你怕虫子吗？	日常生活	初级
你想來杯汽水嗎？	饮食	初级
你想先去哪裡?	旅行交通	初级
你想去哪儿?	旅行交通	入门
你想吃什么？	饮食	入门
你想在德国买房吗？	日常生活	中级
你想我吗？	情感	初级
你感觉如何？	健康身体	初级
你愿意和我跳舞吗？	兴趣娱乐	初级
你把它们带来了么？	日常生活	初级
你把它給誰了?	日常生活	初级
你把那个拿走.	日常生活	初级
你无法说“不”。	情感	中级
你昨天為甚麼缺席？	学习教育	中级
你昨晚睡得好嗎，史蒂夫？	健康身体	初级
你是个乐观主义者。	情感	初级
你是學生。	学习教育	入门
你是我妈妈。	家庭	入门
你是日本人吗？	语言文化	入门
你是猶太人嗎？	语言文化	初级
你是西班牙人，是不是？	语言文化	初级
你是誰？	社交问候	入门
你最喜欢的操作系统是哪个？	科技	中级
你會待在日本多久？	旅行交通	中级
你會說中文嗎？	语言文化	入门
你有两本书。	数字量词	初级
你有四只狗。	家庭	初级
你有多高？	健康身体	初级
你有深海恐惧症吗？	健康身体	中级
你有电视吗？	科技	初级
你没注意到吗？	社交问候	初级
你為什麼哭？	情感	初级
你爱谁？	情感	初级
你現在該離開了。	工作职业	初级
你的卧室里没有人。	家庭	初级
你的妈妈会开车吗？	家庭	初级
你的学校有多少人？	学习教育	中级
你的朋友近来在忙些什么？	社交问候	中级
你的父亲几岁了？	家庭	初级
你的狗在哪儿？	日常生活	入门
你的眼镜最棒了。	日常生活	初级
你的谎言像报纸一样！	语言文化	高级
你相信他嗎？	情感	初级
你看起来不高兴。	情感	初级
你真的不會游泳嗎？	健康身体	中级
你睡觉吗？	日常生活	入门
你知道他想做什麼嗎？	社交问候	初级
你知道你想做什麼嗎？	情感	中级
你知道密码吗？	日常生活	初级
你知道誰發明了電報機嗎？	科技	中级
你知道這是一個問題嗎？	学习教育	入门
你知道问题在哪里。	其他	中级
你碰巧认识了布朗教授吗？	社交问候	中级
你结束了吗？	社交问候	初级
你缺乏耐心。	情感	中级
你翻譯這本書用了多少時間？	学习教育	中级
你聽見有人叫你的名字嗎？	社交问候	中级
你能帮我给这些人分发节目单吗？	工作职业	中级
你能把車停在這兒嗎？	旅行交通	初级
你能演奏管风琴吗？	兴趣娱乐	中级
你表上是几点？	时间日期	中级
你要对结果负责。	工作职业	中级
你覺得他怎麼樣?	社交问候	初级
你觉得汤姆打算做什么？	社交问候	中级
你觉着有外星人存在吗？	其他	中级
你记住他的电话号码没有？	日常生活	中级
你记得吗？	日常生活	初级
你買了一個哈密瓜？	饮食	初级
你还认识我吗？	社交问候	初级
你需要这本书吗？	日常生活	初级
假装你是我。	情感	初级
兄弟，你到底姓什么啊？	社交问候	初级
其他的一切都好。	日常生活	初级
再不快点你就要赶不上末班车了。	旅行交通	中级
再见！	社交问候	入门
再见，Ian。	社交问候	初级
冬天是我最喜欢的季节。	情感	初级
冷靜！	情感	入门
出去的时候把门关上。	日常生活	初级
別假裝你不認識我！	情感	中级
別哭。	情感	入门
别对孩子们这么凶。	家庭	中级
别着急，我们马上就来。	社交问候	初级
别缠我了!	社交问候	初级
别那么着急。	情感	初级
到火車站有多遠？	旅行交通	入门
到目前为止，你认为你阅读过多少书籍？	学习教育	中级
加油！	情感	入门
北京昨天天气怎么样？	天气自然	初级
北京是中国的首都。	地点方位	初级
十、二十、三十、四十、五十、六十、七十、八十、九十、一百。	数字量词	入门
十一点准时到车站。	旅行交通	初级
十二月二十五號聖誕節。	时间日期	初级
十二月是一年的最後一個月。	时间日期	初级
十岁时他就成了孤儿。	家庭	中级
南北战争持续了四年。	其他	中级
博物馆的参观者中有少数是外国人。	其他	中级
去年下了很多雪。	天气自然	初级
变成了绿色。	天气自然	初级
古滕堡是德国人。	学习教育	初级
可以。	社交问候	入门
可惜，世界上的愚人总比聪明人要多。	其他	高级
合作是人類唯一的救贖。	其他	高级
吉姆是詹姆斯的簡稱。	语言文化	中级
后会有期。	社交问候	初级
告訴我發生了什麼事。	其他	初级
咖啡還是茶？	饮食	入门
售罄了！	购物	初级
問題是她到底來還是不來。	其他	中级
嗨！你好嗎？	社交问候	入门
嗨，比爾。你好嗎?	社交问候	入门
嘴里有东西的时候不准说话。	饮食	初级
因为下雨了，所以我们就待在家里面。	日常生活	初级
圆圈是红色的。	数字量词	入门
國會的會議是公開的。	工作职业	中级
圖書館在右手邊。	地点方位	初级
圖書館裡有很多書。	学习教育	初级
在日本生活消费很高。	日常生活	初级
在某种程度上，我认同你所说的。	情感	中级
在笑什么呢？	社交问候	入门
在花園裡的玫瑰正盛開著。	天气自然	初级
在这些男孩中，谁是Masao?	家庭	初级
堪薩斯州剛好位於美國的中央。	地点方位	中级
复活节快乐。	社交问候	初级
外面在下雪。	天气自然	入门
外面在下雪呢。	天气自然	入门
多!	其他	入门
多学些。	学习教育	入门
多少苹果？	数字量词	入门
多谢！	社交问候	入门
大坂是日本的商业中心。	旅行交通	中级
大家习惯把上海称为魔都，把北京称为帝都。	语言文化	中级
大家笑了。	情感	初级
大家都在聚精會神地聽著。	学习教育	中级
大爆炸致死六人。	其他	中级
天气怎么样？	天气自然	入门
天氣很冷。	天气自然	入门
太小了。	数字量词	入门
失败的责任在他。	工作职业	中级
女人很年轻。	其他	初级
女孩们睡着了	日常生活	初级
她不怕死。	情感	中级
她不是她看起来的那样。	其他	中级
她不是小孩。	家庭	初级
她不知道怎麼打高爾夫球。	兴趣娱乐	初级
她住在纽约。	地点方位	初级
她們是俄羅斯人。	语言文化	初级
她們是同性戀。	情感	初级
她八歲大。	时间日期	入门
她出生在墨西哥。	地点方位	初级
她去过三次法国。	旅行交通	中级
她唱歌唱得很好聽。	兴趣娱乐	初级
她喜欢听俄罗斯流行音乐。	兴趣娱乐	中级
她在京都沒有很多朋友。	地点方位	中级
她在睡觉。	日常生活	入门
她嫁给了他。	家庭	初级
她小提琴演奏得非常好。	兴趣娱乐	中级
她很漂亮。	情感	初级
她很窮，但卻很快樂。	情感	中级
她把她的座位让给了一个老人。	社交问候	中级
她把雜誌放在桌上。	日常生活	初级
她昨天看见一个高大的男人。	日常生活	中级
她是一个朋友吗？	社交问候	入门
她是一个非常美的女人。	情感	初级
她是个女程序员吗？	工作职业	初级
她是你媽媽嗎?	社交问候	入门
她是我们的女儿。	家庭	初级
她是我的初恋。	情感	中级
她是我的女朋友。	情感	初级
她是日本人。	语言文化	入门
她是日本人嗎？	语言文化	入门
她有三個姊妹，一個是護士，另外的兩個是教師。	家庭	初级
她有兩個叔叔；一個住在京都，一個住在大阪。	家庭	初级
她有兩千本書。	数字量词	初级
她有很多钱。	日常生活	初级
她有点儿面包。	饮食	初级
她父親是日本人。	家庭	初级
她爸爸不会来的，他很忙。	家庭	中级
她現在更加年長也更加有智慧。	时间日期	中级
她用一把刀杀死了他。	其他	高级
她的书和她父亲一样多。	数字量词	中级
她的生活很寂寞。	情感	中级
她看起来对他感兴趣。	情感	中级
她笑得停不下來。	情感	初级
她給了我很多吃的東西。	饮食	中级
她给我打了一个看不懂的手势。	社交问候	中级
她脸红了。	情感	初级
她說她沒有受傷。	健康身体	初级
她讲中文。	语言文化	入门
她说了什么？	社交问候	初级
她轉移了視線。	情感	中级
她需要去那兒。	旅行交通	初级
好习惯是从小养成的。	学习教育	中级
好浪漫啊！	情感	初级
如今已經没甚麼能防範大規模殺傷性武器了。	科技	高级
如果你会唱歌，那很好。	兴趣娱乐	初级
如果你想考試合格的話，就要努力溫習了。	学习教育	中级
如果你想要的话，你就拿吧。	社交问候	初级
如果你想要，你可以拥有它。	社交问候	初级
如果地球下个月将进入冰河期，你将如何准备？	天气自然	高级
如果明天天气好，我们就去野餐。	天气自然	初级
如果汤姆没有做他应当做的事，请让我知道。	工作职业	中级
如果那个男人再犯一个错误，我就开除他。	工作职业	中级
妈妈，你在想什么呢？	情感	初级
威廉是从巴西来的。他是巴西人。	语言文化	初级
存在主义是一种人道主义。	语言文化	高级
学回鹘语吧！	学习教育	初级
学校在哪儿？	地点方位	入门
学维吾尔语。	学习教育	初级
学荷兰语不难。	学习教育	初级
孩子，这是怎么回事？	社交问候	初级
學外語很費時間。	学习教育	初级
學外語要花好幾年的時間才能學得精通。	学习教育	中级
宁愿做自己而被人讨厌，也不要因为虚假而被人喜欢。	情感	高级
它們是用粗糙的褐色皮革製成的。	购物	中级
它可以在一天之內完成。	时间日期	初级
它已经开放了。	时间日期	初级
宇宙何以開端？	科技	中级
安的弱點就是巧克力。	饮食	初级
安静吧！	社交问候	入门
宝宝开始哭了。	家庭	初级
宝宝正在睡觉。	家庭	初级
实际上他根本没有去考试。	学习教育	中级
实验构造是怎样的？它们是如何相连接的？	科技	高级
实验证明了他的理论。	学习教育	中级
对不起，我爱你。	情感	初级
将费用记在我的账上。	购物	中级
對工作的熱愛是通往幸福的鑰匙。	工作职业	中级
小人物同样可以创造历史。	其他	中级
小心臟啊，不要再砰砰跳了！	情感	中级
尼德蘭的首都是什麽？	地点方位	初级
巴西利亚是巴西的首都。	其他	初级
巴西利亞是巴西首都。	其他	初级
巴西是說甚麼語言的？	语言文化	初级
希腊语很难学。	学习教育	初级
广东与广西之间隔着什么？	地点方位	中级
度假愉快！	社交问候	入门
开始的时候，我们以为我们什么都知道，但后来发现，事实是我们什么都不知道。	学习教育	高级
开电视。	日常生活	入门
开门！	日常生活	入门
当我离开购物中心，车子不在我停的地方。	购物	中级
很多人都有夢想。	情感	初级
很奇怪，不是么？	情感	初级
很好，谢谢。	社交问候	入门
很少人这么认为。	情感	中级
很晚了。	时间日期	入门
從這裡到希爾頓飯店要花多久時間？	旅行交通	初级
快來這裡。	地点方位	初级
快点准备！明天是最后一天了。	日常生活	初级
您住在哪里？	旅行交通	入门
您叫什么名字？	社交问候	入门
您想知道为什么我要离开吗？	情感	中级
您曾经去过威尼斯吗？	旅行交通	中级
您能为爱情而死吗？	情感	中级
您非常勇敢。	情感	初级
意大利语不难。	语言文化	初级
愚昧始终是危险的。	语言文化	中级
愛不過是發明。	情感	中级
愛因斯坦將自己認作哲學家。	工作职业	中级
我一点都不喜欢这个城市。	情感	初级
我丈夫也是老师。	工作职业	初级
我不会游泳。	兴趣娱乐	初级
我不同意他。	情感	中级
我不喜欢巧克力。	饮食	初级
我不喜歡咖啡。	饮食	初级
我不喜歡愛麗絲。	情感	初级
我不喜歡用谷歌翻譯。	科技	中级
我不想买这张地毯。	购物	中级
我不想吃。	饮食	入门
我不想长大。	情感	初级
我不懂葡萄牙語。	语言文化	初级
我不早起。	日常生活	初级
我不是中国人。	语言文化	初级
我不是湯姆。	社交问候	初级
我不知道。	日常生活	入门
我不知道他喝那么多酒。	健康身体	中级
我不知道他活着还是死了。	情感	中级
我不知道她住在哪裡。	地点方位	初级
我不知道她想不想和我一起去。	情感	中级
我不知道汤姆是什么时候死的。	时间日期	中级
我不知道汤姆的袜子在哪里。	日常生活	初级
我不知道這個蛋糕是誰做的。	饮食	中级
我不知道這是不是真的。	情感	中级
我不知道門為甚麼是開著的。	日常生活	初级
我不知道，也不想知道。	情感	初级
我不知道，我也不想知道。	情感	初级
我不能同意您的看法。	社交问候	中级
我不能放棄我的夢想。	情感	中级
我不能说。	社交问候	初级
我不能跳舞。	兴趣娱乐	初级
我不認為我的人生很有趣。	情感	中级
我不說日語。	语言文化	初级
我不认为她很在意。	情感	中级
我不说乌克兰语。	语言文化	初级
我不说日语。	语言文化	初级
我不飞	日常生活	初级
我丢了我的帽子。	日常生活	初级
我也不想玩。	情感	初级
我也去了。	旅行交通	初级
我也在这里。	地点方位	初级
我也是。	社交问候	入门
我买了花。	购物	入门
我什么都不用做。	日常生活	初级
我今天沒有更多的事要做了。	日常生活	初级
我从来没想到会发生那种事。	情感	中级
我从来没有看到她笑过。	情感	中级
我们不是在巴黎认识的。	旅行交通	中级
我们只有茶水。	饮食	初级
我们可以帮汤姆。	社交问候	初级
我们在哪儿？	地点方位	入门
我们在波士顿。	地点方位	初级
我们在看着你。	社交问候	初级
我们坐飞机去纽约了。	旅行交通	中级
我们城市的动物园又大又新。	地点方位	初级
我们学习音乐。	学习教育	初级
我们学校在市中心。	地点方位	初级
我们家在公路边上。	家庭	初级
我们对他的死亡表示遗憾。	情感	高级
我们应该对人使用基因编辑吗？	科技	高级
我们把牛奶製成奶酪和黄油。	饮食	中级
我们星期五傍晚在我们的地盘开派对。	兴趣娱乐	中级
我们昨天踢了足球。	兴趣娱乐	初级
我们晚饭吃什么？	饮食	入门
我们来了。	社交问候	入门
我们每天都学习英文。	学习教育	初级
我们没有糖。	饮食	初级
我们用了一整天打扑克。	兴趣娱乐	中级
我们的婴儿出生得健康。	健康身体	初级
我们相信上帝。	语言文化	初级
我们知道他们是谁。	社交问候	初级
我们经常讨论天气。	天气自然	初级
我们能拯救这颗星球吗？	其他	中级
我们都喜欢她。	情感	初级
我会买巧克力。	购物	初级
我会说一点儿苏格兰盖尔语。	语言文化	中级
我会说法语。	语言文化	中级
我住了一個星期的醫院。	健康身体	中级
我住在東京。	地点方位	初级
我來自哥倫比亞。	语言文化	初级
我來自贊比亞。	语言文化	初级
我們並不是全部都會講英語。	语言文化	中级
我們什麼時候可以吃？	饮食	入门
我們在學校學英文。	学习教育	初级
我們已經到了。	旅行交通	初级
我們應該坐下。	日常生活	初级
我們把牛奶製成乳酪和奶油。	饮食	中级
我們搭飛機去墨西哥旅行。	旅行交通	初级
我們是好朋友。	社交问候	初级
我們試試看！	其他	初级
我們養的母雞昨天生了很多蛋。	日常生活	中级
我做了一个奇怪的梦。	情感	初级
我六點半回來。	时间日期	初级
我决定顺便去看望看望他。	社交问候	中级
我准备晚餐。	饮食	初级
我十八岁。	时间日期	入门
我十年前結婚了。	家庭	中级
我去参观了莎士比亚的故居。	旅行交通	中级
我去把門關了好嗎?	日常生活	中级
我去過巴黎。	旅行交通	初级
我叔叔把他的車給了我。	家庭	中级
我叫Jack。	社交问候	入门
我叫他邁克。	社交问候	初级
我叫傑克。	社交问候	入门
我叫王家明。	社交问候	入门
我可以彈鋼琴嗎？	兴趣娱乐	初级
我吃水果、喝水。	饮食	初级
我吃面包。	饮食	入门
我同意。	社交问候	入门
我听说她去了商店。	日常生活	初级
我告诉他们你饿了。	社交问候	中级
我哥哥会开车。	日常生活	初级
我喜欢学习语言。	学习教育	初级
我喜欢打游戏。	兴趣娱乐	初级
我喜欢散步。	日常生活	初级
我喜欢数学。	学习教育	初级
我喜欢画油画，但是我不想拿它做我的终身职业。	工作职业	高级
我喜欢茶。	饮食	初级
我喜歡冬天旅遊。	旅行交通	初级
我喜歡和你在一起。	情感	初级
我喜歡學中文和英文。	学习教育	初级
我喜歡爵士樂。	兴趣娱乐	初级
我在一家工廠工作。	工作职业	初级
我在中國。	地点方位	入门
我在冬天出生。	时间日期	初级
我在吃个苹果。	饮食	初级
我在撒謊。	情感	初级
我在等待批准。	工作职业	中级
我在翻译。	工作职业	初级
我在街上踫見了一個老朋友。	社交问候	中级
我在这里待到10点。	时间日期	初级
我在這裏住了三十年了。	日常生活	中级
我夢見的是一個沒有戰爭的、和平的世界。	情感	高级
我头痛。	健康身体	初级
我妈妈早上早起。	日常生活	初级
我妈讨厌夏天的高温。	天气自然	中级
我妹妹唱歌很好听。	兴趣娱乐	初级
我妹妹没有车。	家庭	初级
我姐姐没有车。	家庭	初级
我姑姑給了我一本集郵冊。	兴趣娱乐	中级
我学土耳其语。	学习教育	初级
我完全不懂德语。	语言文化	初级
我对童年的记忆越来越模糊了.	情感	中级
我对自己说话。	其他	初级
我對牛奶過敏。	健康身体	中级
我已經有這本書了。	购物	初级
我已經認識她五年了。	社交问候	中级
我希望你能长大。	情感	中级
我希望我们能找到汤姆。	日常生活	中级
我希望我比較高。	情感	初级
我幫忙媽媽做菜。	日常生活	初级
我年輕的時候常常去打棒球。	兴趣娱乐	初级
我应该打扫我的房间。	日常生活	初级
我当初要是买音乐会的票就好了。	情感	中级
我当然告诉了她。	社交问候	初级
我很想你。	情感	入门
我很想學法文。	学习教育	初级
我很生气！	情感	初级
我很穷。	其他	入门
我很累。	健康身体	入门
我很难过。	情感	初级
我忘了打電話給他。	社交问候	中级
我总是饿了。	日常生活	初级
我恨他。	情感	初级
我恨你。	情感	初级
我想住在这里。	地点方位	入门
我想做夢。	日常生活	初级
我想和你去旅行。	旅行交通	初级
我想和格特‧嘉尼一起死。	情感	高级
我想喝杯咖啡。	饮食	入门
我想学汉语和日语。	语言文化	中级
我想學跳舞。	兴趣娱乐	初级
我想我病了.	健康身体	初级
我想画画了。	兴趣娱乐	初级
我想给家人打电话。	家庭	中级
我想要一些纸。	购物	初级
我想要一支手機, 但是我沒有足夠的錢買一支。	购物	中级
我想要个抱抱。	情感	入门
我想访问韩国。	旅行交通	初级
我想跳舞。	兴趣娱乐	入门
我感冒了。	健康身体	入门
我感觉你不是很热。	健康身体	中级
我感觉大家都在关注我。	情感	中级
我手機没信號。	科技	初级
我找不到我的襪子！	日常生活	初级
我找到了托尼。	社交问候	初级
我把我的旧自行车给了汤姆。	日常生活	初级
我收到了朋友的一封信。	社交问候	初级
我教中文。	工作职业	初级
我教生物和法語。	工作职业	中级
我教英语。	工作职业	初级
我既不抽烟也不喝酒。	日常生活	初级
我明天不想上班。	工作职业	初级
我明天能见你吗？	社交问候	初级
我明天要跟你去圖書館。	日常生活	初级
我昨天去了公园。	旅行交通	入门
我昨天喝多了	健康身体	初级
我昨天感冒了	健康身体	初级
我是个书呆子。	其他	初级
我是个翻译。	工作职业	初级
我是从中国来的。	地点方位	初级
我是从新加坡来的。	地点方位	初级
我是伊斯兰教徒。	其他	初级
我是你。	其他	初级
我是個英雄。	情感	初级
我是在北京学习中文的。	学习教育	中级
我是女人。	社交问候	入门
我是明惠。	社交问候	入门
我是猫。	其他	入门
我是獨生子。	家庭	初级
我是穆斯林。	语言文化	初级
我是義大利人。	语言文化	入门
我是老师。	工作职业	入门
我是芬蘭人。	语言文化	初级
我晚饭后弹钢琴。	兴趣娱乐	初级
我最好。	其他	初级
我有一只狗和两只猫。	家庭	初级
我有一輛新的紅色汽車。	购物	初级
我有一辆车。	旅行交通	入门
我有两个兄弟和三个姐妹。	家庭	初级
我有两个孩子。	家庭	初级
我有个哥哥。	家庭	入门
我有個盲鄰居。	健康身体	中级
我有很多工作要做。	工作职业	初级
我有很多朋友。	社交问候	初级
我有糖尿病。	健康身体	高级
我有紅桃Q。	其他	中级
我有词典。	学习教育	初级
我本应婉拒。	情感	中级
我本来什么也不知道啊！	情感	中级
我来自保加利亚。	地点方位	初级
我来自四国。	地点方位	初级
我来自埃及。	地点方位	初级
我来自法国，你呢？	社交问候	初级
我来自非洲。	地点方位	初级
我梦到你了。	情感	初级
我正在用电脑。	科技	入门
我每周游一次泳。	健康身体	初级
我每天喝1.7升水。	健康身体	中级
我每天早上吃早餐。	饮食	入门
我每天都说英语。	语言文化	初级
我比Tom好。	其他	初级
我比你高一点。	其他	初级
我永远无法知道他对我说谎的理由。	情感	高级
我没去过澳大利亚。	旅行交通	初级
我没有四个姐妹。	家庭	初级
我没注意。	其他	初级
我渴了。	健康身体	入门
我爱你。	情感	入门
我爱吃哈密瓜。	饮食	初级
我爱她。	情感	初级
我爱您。	情感	初级
我爱我的女儿。	家庭	初级
我父亲现在在医院。	健康身体	初级
我父母給我寄了一張明信片。	购物	初级
我爷爷喜欢步行。	兴趣娱乐	初级
我爸爸在花园里。	地点方位	初级
我现在没有钱。	购物	初级
我用Twitter。	科技	初级
我發現了湯姆的秘密。	情感	中级
我的两个姐妹都结婚了。	家庭	初级
我的兄弟買了電子吉他。	购物	中级
我的兒子八歲了。	家庭	初级
我的出生证明呢？	日常生活	初级
我的名字叫Juba。	语言文化	入门
我的名字是朱巴。	语言文化	入门
我的名字是湯姆。	语言文化	入门
我的夢想是成為一名棒球運動員。	兴趣娱乐	初级
我的妹妹有名。	家庭	初级
我的妻子在试图睡觉。	日常生活	中级
我的手机不见了，怎么办？	日常生活	初级
我的报纸在哪里？	日常生活	初级
我的書在哪裏？	日常生活	入门
我的朋友在学韩语。	学习教育	初级
我的母親不會說英語。	家庭	初级
我的母語是葡萄牙話。	语言文化	初级
我的母语是日语。	语言文化	初级
我的母语是葡萄牙语。	语言文化	初级
我的父母在澳大利亞。	家庭	初级
我的父親買了一輛新車。	购物	初级
我的眼睛是藍色的。	健康身体	初级
我的眼睛疼。	健康身体	初级
我的祖父來自大阪。	家庭	初级
我的职业正是我的爱好。	工作职业	中级
我的英文不好。	语言文化	初级
我的英文很差。	语言文化	初级
我的英语很完美！	语言文化	初级
我的英语真的很差。	语言文化	初级
我看不到任何東西。	其他	初级
我真後悔以前沒有好好對她。	情感	中级
我知道他叫什么名字。	语言文化	初级
我知道她在哪里。	旅行交通	初级
我知道她是西班牙人。	语言文化	初级
我知道我错了。	情感	初级
我知道汤姆是这里的一个老师。	工作职业	中级
我知道站在那裡的那個男孩。	地点方位	中级
我知道这是谁的车。	地点方位	中级
我知道这种动物的名字。	学习教育	中级
我站岗。	工作职业	中级
我笑了。	情感	初级
我給他指了路。	旅行交通	中级
我繼續工作。	工作职业	初级
我能和你谈谈吗？	社交问候	初级
我能预定一下打高尔夫球吗？	旅行交通	中级
我要吃鱼和海鲜。	饮食	初级
我要在这里呆到后天。	时间日期	中级
我要找到我的鑰匙。	日常生活	初级
我要把这本书留给自己。	日常生活	中级
我要是个独子就好了。	情感	中级
我覺得他的畫有點奇怪。	情感	中级
我覺得這計畫不是很聰明。	工作职业	中级
我觉得你说的是真的。	情感	中级
我觉得汤姆今年不会毕业。	学习教育	中级
我認識他。	社交问候	初级
我该去睡觉了。	时间日期	初级
我買了一本書。	购物	入门
我買了兩瓶牛奶。	饮食	初级
我还是一个小男孩的时候就住在这里。	时间日期	中级
我送给汤姆一份临别礼物	社交问候	中级
我連親也沒有親過她一下。	情感	中级
我需要你。	情感	入门
我需要很多書。	购物	初级
我非常享受你的陪伴。	情感	中级
我非常喜欢我的工作。	工作职业	初级
我非常喜欢英语。	语言文化	初级
我非常喜歡它.	情感	初级
我马上就认出了他。	其他	中级
战争即和平，自由即奴役，无知即力量。	语言文化	高级
所有文明的國家都反對戰爭。	其他	中级
所有的動物都是平等的，但是有的動物比別的動物更平等。	其他	高级
所有的罪恶源于金钱的不足	其他	中级
托尼每天都跑步。	日常生活	初级
把車鑰匙給我。	旅行交通	初级
把门开开！	日常生活	初级
抱抱汤姆！	情感	初级
据我所知，他是个诚实的人。	其他	中级
摩天大厦里的电梯是至关重要的。	科技	中级
操你妈！	情感	入门
文字游戏很少能被翻译。	语言文化	中级
旗帜是国家象征。	其他	初级
既然你要去超市，那就顺便买些鸡蛋吧。	购物	中级
日本与韩国是邻国。	旅行交通	初级
日本人在一九四一年十二月七日襲擊珍珠港。	时间日期	中级
日本人有黑色的眼睛。	健康身体	初级
日本是一個島國。	旅行交通	初级
日本有许多别具一格的特色。	其他	中级
早上好！	社交问候	入门
时间是世界上最宝贵的东西。	时间日期	中级
时间飞逝。	时间日期	中级
明天你得来这儿。	时间日期	初级
明天是星期天。	时间日期	入门
明早八点车站见。	旅行交通	初级
星期天几号?	时间日期	入门
昨天下大雨。	天气自然	初级
昨天他喝了很多。	饮食	初级
昨天是我的生日。	时间日期	入门
昨天，我上学迟到了。	学习教育	初级
昨晚我做了一个可怕的噩梦。	情感	中级
是不是你們其中一個人要來這裡重做我才剛做過的？	工作职业	高级
是的。	社交问候	入门
是谁在读？	学习教育	初级
時代變了。	时间日期	入门
最壞的已經過去了。	情感	初级
有三个小孩儿在公园里玩儿.	日常生活	初级
有些人永远也长不大。	情感	中级
有人在吃东西。	日常生活	初级
有人应该帮汤姆做这些事。	工作职业	中级
有人说英语吗？	语言文化	初级
有其父必有其子。	语言文化	中级
有時候，我還是會想起她。	情感	中级
有時等待很難！	情感	中级
有钱人可以做他们想做的事。	其他	中级
未来属于我们当中那些仍然愿意弄脏自己双手的少数人。	其他	高级
柏林是德国城市。	学习教育	初级
格雷厄姆格林是我最喜歡的作家。	兴趣娱乐	中级
桌上有个苹果。	饮食	初级
桌子上有本书。	日常生活	初级
欢迎来到维基百科。	语言文化	初级
欢迎！	社交问候	入门
每个人都很困惑	情感	初级
每个人都想要得到无法拥有的东西	情感	中级
每个人都是一个世界。	语言文化	中级
每天费用多少？	购物	初级
每天都有人死去。	健康身体	中级
比薩是我最喜歡的食物。	饮食	初级
毕竟，我应认真相信些什么？	情感	高级
氧和氢组成了水。	科技	中级
汉语字是很美丽的。	语言文化	初级
汉语是单音节语言。	语言文化	中级
汤姆一直都忙。	日常生活	初级
汤姆不会打网球。	兴趣娱乐	初级
汤姆不会系领带。	日常生活	初级
汤姆不庆祝圣诞。	日常生活	中级
汤姆也在这？	社交问候	初级
汤姆假装他是一名医生。	工作职业	初级
汤姆写了这本书。	工作职业	初级
汤姆发现了一种宣布他新闻的新方法。	工作职业	高级
汤姆告诉你他昨天为什么不去学校了吗？	学习教育	中级
汤姆和玛丽在客厅里。	地点方位	初级
汤姆在找工作。	工作职业	初级
汤姆在游泳。	日常生活	入门
汤姆在笑。	情感	入门
汤姆失明了。	健康身体	初级
汤姆已经对学法语不感兴趣了。	学习教育	中级
汤姆想知道玛丽在哪里学会了法语。	学习教育	中级
汤姆找不到他的包了。	日常生活	初级
汤姆是一名金融分析师。	工作职业	中级
汤姆是个社会主义者。	其他	中级
汤姆是加拿大人。	地点方位	入门
汤姆是好人。	情感	入门
汤姆是如何出狱的？	其他	中级
汤姆是我们的法语老师。	工作职业	初级
汤姆是新来的。	其他	初级
汤姆是机器人。	科技	初级
汤姆是玛丽亚丈夫最好的朋友。	家庭	中级
汤姆有玛丽的地址。	日常生活	初级
汤姆有自闭症吗？	健康身体	初级
汤姆没受伤。	健康身体	初级
汤姆没有告诉我他不会游泳。	社交问候	中级
汤姆没有父亲。	家庭	初级
汤姆爱他的妻子。	情感	初级
汤姆的生日是昨天。	时间日期	初级
汤姆看起来一点也不开心。	情感	初级
汤姆站立困难。	健康身体	初级
汤姆让他的仆人们在黑暗下进餐。	日常生活	高级
汤姆说他今天没有课。	学习教育	初级
汤姆跟着玛丽进入了房间。	地点方位	初级
汤姆问我是否同意他的意见。	情感	中级
汤姆需要接受治疗。	健康身体	中级
汤姆，谢谢你。	社交问候	入门
汤姆，这些全都是你的书吗?	日常生活	初级
沒人知道她的名字。	社交问候	初级
沒人能預測未來。	语言文化	中级
沒有人會知道。	语言文化	初级
沒有我可以做的事。	其他	初级
没有错误。	日常生活	初级
没眼镜我可以读。	日常生活	中级
法语不是我的母语。	语言文化	初级
湯姆2013年的時候被釋放了。	其他	中级
湯姆做事没有原則。	工作职业	中级
湯姆告訴我他不喜歡碳酸飲料。	饮食	初级
湯姆和弗蘭克是好朋友。	社交问候	初级
湯姆喜歡游泳。	兴趣娱乐	初级
湯姆在做夢嗎？	健康身体	中级
湯姆在波士頓有朋友。	社交问候	初级
湯姆家裡很窮。	家庭	初级
湯姆對數學感興趣。	学习教育	初级
湯姆想去日本。	旅行交通	初级
湯姆指控瑪麗不誠實。	情感	中级
湯姆是個好人。	其他	入门
湯姆是個普通的青少年。	其他	初级
湯姆是我的朋友。	社交问候	入门
湯姆是街頭藝人。	工作职业	中级
湯姆有幽閉恐懼症。	健康身体	中级
湯姆比他的母親高。	家庭	初级
湯姆給我們的解釋很好懂。	语言文化	中级
湯姆被瑪麗替代了。	工作职业	中级
火星上也有猫。	其他	初级
火车票贵吗？	旅行交通	初级
為什麼？	其他	入门
热情具有传染性。	情感	中级
爱很自私。	情感	中级
爱沙尼亚有它自己的国歌。	语言文化	中级
爱泼斯坦没有自杀。	其他	中级
父亲示意我离开房间。	家庭	中级
爸爸，我的杯子在哪里？	家庭	入门
爸，我的杯子呢？	家庭	入门
狗在桌子下边。	地点方位	初级
玛丽的妻子是双性恋。	家庭	中级
玩这些电脑游戏要反应灵敏。	兴趣娱乐	中级
玫瑰有刺。	天气自然	初级
现在中国公认的标准旗袍的现代版本是首先在上海发展起来的。	饮食	高级
现在你别夸张了。	社交问候	初级
瑪麗在機場。	旅行交通	初级
生日快乐，Muiriel！	社交问候	入门
生日快樂，Shishir。	社交问候	入门
生活是美丽的。	其他	初级
用你的詞典查查這些生字吧。	学习教育	初级
由美子是網球俱樂部的成員。	兴趣娱乐	初级
电脑是新的。	科技	入门
电视的确有一些缺点。	科技	中级
男人跟隨了他。	社交问候	初级
番茄是蔬菜而不是水果。	饮食	中级
看书很有意思。	学习教育	初级
看來他曾經是個有錢人。	其他	中级
真是一個好主意！	情感	初级
知道一门语言是一回事，教这门语言又是另一回事。	语言文化	高级
短语是句法单位。	语言文化	中级
祝你好运。	社交问候	入门
神是大象。	语言文化	中级
科学家们正努力终结艾滋病。	健康身体	中级
秘鲁是排在巴西和阿根廷之后的南美第三大国家。	旅行交通	高级
穿那么薄，小心感冒。	健康身体	中级
笔记本电脑比台式电脑好。	科技	中级
米莉在吃一个苹果。	饮食	初级
索非亚是保加利亚的首都。	地点方位	初级
終於！	情感	初级
總統不得解散國會。	工作职业	中级
纯粹数学是宗教。	学习教育	中级
给我！	社交问候	入门
罗马是世界的首都。	旅行交通	中级
美國的罪犯大多是吸毒成癮的癮君子。	其他	高级
義大利的首都是羅馬。	旅行交通	初级
翻譯這個詞。	语言文化	入门
老人试图游5公里。	健康身体	中级
老师也会犯错。	学习教育	初级
老师没收了一个学生的手机，因为他在课上发短信。	学习教育	中级
耶稣是个社会主义者。	其他	中级
耶路撒冷是犹太人的圣城。	语言文化	中级
聪明的男人就算爱极了一个女人，也只是藏在心里，绝不会将他的爱在她面前表现出来。	情感	高级
聰明的領袖知道什麼時候要聽取他人意見。	工作职业	中级
聽説你不來。	社交问候	中级
肉还是鱼？	饮食	初级
肖恩，安穩睡啊。	日常生活	初级
肯的狗很大。	家庭	初级
肯的狗是白色的。	家庭	入门
艾马提，我们需要更多肉！	饮食	初级
苏联学家研究什么呢？	学习教育	中级
英語很難學。	语言文化	初级
英語簡單易學。	语言文化	初级
英语不是我的母语。	语言文化	初级
茶比牛奶贵吗？	饮食	初级
草莓在哪裡？	地点方位	初级
荷蘭的首都是什麽？	地点方位	初级
葡萄牙和西班牙是邻居。	地点方位	初级
葡萄牙是共和制。	其他	初级
蔬菜不能说话。	其他	入门
蘋果在哪裏？	地点方位	入门
虽然他是中国人，但他不会说中文。	语言文化	中级
蛋黄酱是一种乐器吗？	饮食	中级
行。	其他	入门
西西里是一座岛。	旅行交通	初级
要想学好中文，就应该多跟中国人交流。	学习教育	中级
要是我有錢的話，會幫你的。	情感	中级
許多猶太人被德國人驅逐。	其他	中级
請告訴我怎樣才能聯絡上他。	社交问候	中级
請回答我的問題。	学习教育	初级
請把這句話翻譯成日文。	语言文化	中级
請改正錯誤。	学习教育	中级
請每種各給我三個。	购物	中级
請開燈。	日常生活	入门
請驗驗我的視力。	健康身体	初级
謝了！	社交问候	入门
警察找到指纹了吗？	其他	中级
讓我們搭公車吧。	旅行交通	初级
让窗子关着。	日常生活	初级
记者租了间很贵的房。	工作职业	中级
许多人在工业城市工作。	工作职业	中级
许多小公司倒闭了。	工作职业	中级
设备是便携的。	科技	初级
该起床了。	日常生活	入门
请不要说得那么快。	社交问候	初级
请你给我一杯水。	饮食	初级
请唱歌。	兴趣娱乐	初级
请问，图书馆在哪儿？	旅行交通	初级
谁也不知道他是否爱她。	情感	中级
谁发明了电话？	科技	初级
谁想当百万富翁？	工作职业	中级
谁是你老师？	学习教育	初级
谢谢你。	社交问候	入门
谢谢！	社交问候	入门
足球在巴西是最受欢迎的运动。	兴趣娱乐	初级
跟上那辆车。	旅行交通	初级
跟汤姆问好。	社交问候	入门
车往前走。	旅行交通	初级
还剩下几个三明治?	饮食	初级
这不是我的错！	情感	初级
这不酷！	情感	初级
这个价格不合理。	购物	初级
这个女孩子在喝茶。	饮食	初级
这个故事是真的。	语言文化	初级
这个梯子是否足够坚固以承受我的重量？	日常生活	中级
这个沙拉有柠檬的味道。	饮食	中级
这个男人在吃面包。	日常生活	入门
这个男孩子在吃面包。	饮食	入门
这个词有多少个音节？	语言文化	中级
这个问题一直困扰着我们，直到昨晚我们找到了原因并修复了它。	工作职业	高级
这些珍珠是真的，不是人造的。	购物	中级
这些鞋子太紧了，伤脚。	购物	初级
这件事我算是都不了解。	学习教育	中级
这件衣服样式倒是挺好，就是贵了点儿。	购物	中级
这匹马不是白色的。	其他	初级
这只是时间上的问题。	时间日期	中级
这只猫不抓老鼠。	其他	初级
这只猫在吃东西。	其他	入门
这家公司的老板是谁？	工作职业	初级
这很难。	其他	初级
这是一条狗。	日常生活	入门
这是他们家。	家庭	初级
这是你的家人吗？	家庭	入门
这是冷的。	天气自然	入门
这是场有趣的辩论。	兴趣娱乐	中级
这是我父亲的。	家庭	初级
这是我的妈妈。	家庭	入门
这是我的狗。	家庭	入门
这是我的目的。	工作职业	中级
这是我第一次犯这样的错误。	工作职业	中级
这是昨天来的那个女孩。	社交问候	中级
这本书是托尼的。	学习教育	初级
这本书虽然很厚，但是不贵。	购物	中级
这条规则不是任何情况下都奏效的。	工作职业	高级
这样对待他似乎不太公平。	情感	中级
这湖里有许多鱼。	天气自然	初级
这电子辞典的好处就是便于携带。	科技	中级
这种式样的钱包你们有卖吗？	购物	中级
这里，现在。	时间日期	入门
这钥匙能打开什么？	日常生活	初级
这间房间是谁的？	日常生活	初级
這不是一個很有趣的小說。	兴趣娱乐	中级
這些句子都需要句號。	学习教育	初级
這件物件的表面頗為粗糙。	其他	中级
這個女孩是誰？	社交问候	入门
這則謠言令人信以為真。	语言文化	中级
這副眼鏡多少錢？	购物	初级
這場會議很重要，不要錯過了！	工作职业	初级
這女孩怕狗。	情感	初级
這封信在信封內。	其他	初级
這把椅子很醜。	日常生活	初级
這是一個好主意。	情感	初级
這是一個很重要的消息。	情感	中级
這是一幅地圖。	学习教育	入门
這是什麼啊？	日常生活	入门
這是甚麼意思？	语言文化	入门
這是真的。	其他	入门
這是第一次。	时间日期	初级
這是給我的。	社交问候	初级
這本字典是誰的？	社交问候	初级
這裏有醫生懂說日文嗎？	健康身体	中级
這道沙拉有檸檬的味道。	饮食	初级
過去這個ID的句子是被Tatoeba計劃的貢獻者所添加的。	语言文化	高级
邁克歌唱得很好。	兴趣娱乐	初级
那不是猫。那是狗。	其他	初级
那个包是我的。	购物	入门
那个在弹钢琴的女孩是我的妹妹。	家庭	中级
那个男人年纪很大。	日常生活	初级
那么你频道换掉也行啊。	兴趣娱乐	中级
那個女的發燒了。	健康身体	初级
那對他依然奏效。	其他	高级
那就是那台他用来写文章的电脑。	科技	高级
那幅画有多少年了？	时间日期	中级
那改变了一切。	其他	中级
那是一隻有惡意的兔子。	日常生活	中级
那是个谎话。	情感	初级
那是因為妳是女生。	家庭	初级
那是小李的书。	家庭	初级
那是我们的学校。	学习教育	入门
那是我在这里的另外一个理由。	其他	中级
那隻貓很可愛。	其他	入门
都是你的错。	情感	初级
酒的消费每年都在上升。	饮食	中级
鐵的原子序數是二十六。	科技	中级
错误是如何显示出来的？	科技	中级
错误是经常出现还是偶尔出现？错误是否能够模仿？	科技	高级
長頭髮落伍了。	日常生活	初级
門口有位警察。	地点方位	初级
閉上你的眼睛，然後數到十。	日常生活	初级
问题是怎么出现的？	其他	中级
限制白糖和盐的摄取量。	健康身体	中级
除了英文，他還說德文。	语言文化	中级
電池快沒電了。	科技	初级
電視遙控器是怎麼運作的？	科技	中级
露西喜歡打網球。	兴趣娱乐	初级
靠！我咬到自己舌头了。	健康身体	初级
顺便问一句，你今晚有空吗？	社交问候	初级
食物是冷的。	饮食	入门
饶了我吧！	情感	初级
马里是在撒哈拉以南非洲最贫穷的国家之一。	其他	高级
魚睡覺嗎？	其他	初级
麦克和肯是朋友。	社交问候	初级
黑猫在吃白鼠	天气自然	初级
