不要擔心。	Não se preocupe.
与邻居相亲相爱。	Ame e respeite seus vizinhos.
两个女人唱着歌。	Duas mulheres estavam cantando.
为什么你想和我谈谈吗?	Por que você quer falar comigo?
他不是我父亲，他是我叔叔。	Ele não é meu pai, ele é meu tio.
他不经常来学校。	Ele não vem à escola com frequência.
他付了两倍的费用。	Ele pagou o dobro da taxa.
他们认为他胜任不了这项工作。	Eles acreditavam que ele não estava à altura da tarefa.
他喜欢这种音乐。	Ele gosta desse tipo de música.
他来的很突然。	Sua chegada foi muito repentina.
他比我年轻。	Ele é mais novo do que eu.
他看着那幅画出神。	Ele ficou olhando para a pintura, perdido em pensamentos.
似乎很便宜。	Parece muito barato.
你什么时候回家？	Quando você volta para casa?
你今天要做什麼？	O que você vai fazer hoje?
你们怎么样？我很久没见面你们？	Como vocês estão? Faz tanto tempo que não nos vemos.
你们恐怕是认错人了吧！	Você deve ter me confundido com outra pessoa!
你可以拿大的盒子或是小的盒子。	Você pode levar a caixa grande ou a caixa pequena.
你听过这首曲子吗？	Você já ouviu essa música antes?
你找到问题的答案了吗	Você encontrou a resposta para sua pergunta?
你最喜欢的操作系统是哪个？	Qual é o seu sistema operacional favorito?
你為什麼哭？	Por que você está chorando?
你睡觉吗？	Você está dormindo?
你知道這是一個問題嗎？	Você sabe que isso é um problema?
你说是不是啊？	Você não acha?
你買了一個哈密瓜？	Você comprou um melão cantaloupe?
别那么着急。	Não tenha tanta pressa.
去年下了很多雪。	Nevou muito no ano passado.
合作是人類唯一的救贖。	A cooperação é a única salvação da humanidade.
和纽约的那些摩天高楼相比，这座建筑显得很小。	Comparado aos arranha-céus de Nova York, este prédio parece bem pequeno.
圖書館在右手邊。	A biblioteca fica à direita.
境外办理护照都需要哪些手续和证明材料？	Quais são os procedimentos e documentos necessários para solicitar um passaporte no exterior?
外面在下雪呢。	Está nevando lá fora.
女孩们睡着了	As meninas estão dormindo.
她不是小孩。	Ela não é uma criança.
她是个好女孩。	Ela é uma boa menina.
她的书和她父亲一样多。	Ela tem tantos livros quanto o pai.
她笑得停不下來。	Ela não conseguia parar de rir.
她需要去那兒。	Ela precisa ir lá.
好喝嗎？	É bom?
如果你会唱歌，那很好。	Se você sabe cantar, isso é ótimo.
如果地球下个月将进入冰河期，你将如何准备？	Se a Terra entrasse em uma era glacial no próximo mês, como você se prepararia?
小人物同样可以创造历史。	Pessoas comuns também podem fazer história.
巴西人为他感到骄傲。	Os brasileiros têm orgulho dele.
您叫什么名字？	Qual o seu nome?
您曾经去过威尼斯吗？	Você já esteve em Veneza?
您能为爱情而死吗？	É possível morrer por amor?
我不想在這裡過夜。	Não quero passar a noite aqui.
我也不想玩。	Eu também não quero jogar.
我们什么时间在哪儿见面呢？	Quando e onde devemos nos encontrar?
我们在看着你。	Estamos de olho em você.
我们应该对人使用基因编辑吗？	Deveríamos usar a edição genética em seres humanos?
我们经常讨论天气。	Costumamos conversar sobre o tempo.
我可能会出租车。	Talvez eu pegue um táxi.
我告诉他们你饿了。	Eu disse a eles que você estava com fome.
我喜欢披萨。	Eu gosto de pizza.
我应该打扫我的房间。	Eu deveria arrumar meu quarto.
我当初要是买音乐会的票就好了。	Eu deveria ter comprado ingressos para o show naquela época.
我当然告诉了她。	É claro que eu contei para ela.
我忘了打電話給他。	Eu esqueci de ligar para ele.
我感觉你不是很热。	Não acho você muito atraente.
我感觉大家都在关注我。	Sinto que todos estão prestando atenção em mim.
我是伊斯兰教徒。	Eu sou muçulmano.
我是穆斯林。	Eu sou muçulmano.
我有个哥哥。	Eu tenho um irmão mais velho.
我有個盲鄰居。	Tenho um vizinho cego.
我本应婉拒。	Eu deveria ter recusado educadamente.
我沒有錢買那本字典。	Não tenho dinheiro para comprar esse dicionário.
我爱吃哈密瓜。	Adoro comer melão cantaloupe.
我的母语是葡萄牙语。	Minha língua materna é o português.
我的眼睛疼。	Meus olhos doem.
我真後悔以前沒有好好對她。	Lamento profundamente não tê-la tratado melhor antes.
我真的很想去参加聚会，但是不能。	Eu realmente quero ir à festa, mas não posso.
我繼續工作。	Continuei trabalhando.
我能用一下电脑吗？	Posso usar o computador?
我还不知道你是那么好厨师。	Eu não sabia que você era um cozinheiro tão bom.
所有的罪恶源于金钱的不足	Todo o mal nasce da falta de dinheiro.
把门开开！	Abrir a porta!
操你妈！	Que se foda sua mãe!
明早八点车站见。	Vejo você na estação às 8h da manhã de amanhã.
有人应该帮汤姆做这些事。	Alguém deveria ajudar o Tom com essas coisas.
有钱人可以做他们想做的事。	Pessoas ricas podem fazer o que quiserem.
未来属于我们当中那些仍然愿意弄脏自己双手的少数人。	O futuro pertence aos poucos entre nós que ainda estão dispostos a sujar as mãos.
每个人都很困惑	Todos estavam confusos.
汤姆想知道玛丽在哪里学会了法语。	Tom queria saber onde Mary tinha aprendido francês.
汤姆站立困难。	Tom tem dificuldade para ficar em pé.
湯姆有一個建築師弟弟。	Tom tem um irmão mais novo que é arquiteto.
烦人！	Chato!
父亲示意我离开会议室。	Meu pai fez um gesto para que eu saísse da sala de reuniões.
现在中国公认的标准旗袍的现代版本是首先在上海发展起来的。	A versão moderna do cheongsam, agora reconhecida como o cheongsam padrão na China, foi desenvolvida inicialmente em Xangai.
男人跟隨了他。	O homem o seguiu.
短语是句法单位。	Uma frase é uma unidade sintática.
祝你好运。	Boa sorte.
茶比牛奶贵吗？	O chá é mais caro que o leite?
要是我有錢的話，會幫你的。	Se eu tivesse dinheiro, eu te ajudaria.
请唱歌。	Por favor, cante uma música.
谁是你老师？	Quem é o seu professor?
赢不了。	Não podemos vencer.
这件事我算是都不了解。	Não sei absolutamente nada sobre este assunto.
这只是时间上的问题。	É apenas uma questão de tempo.
这只猫不抓老鼠。	Este gato não caça ratos.
这是场有趣的辩论。	Este é um debate interessante.
这里，现在。	Aqui, agora.
這副眼鏡多少錢？	Quanto custam esses óculos?
這是一個好主意。	Essa é uma boa ideia.
這檔案在哪也找不到。	Não consigo encontrar esse arquivo em lugar nenhum.
過去這個ID的句子是被Tatoeba計劃的貢獻者所添加的。	Anteriormente, a frase para este ID foi adicionada por um colaborador do projeto Tatoeba.
那對他依然奏效。	Isso ainda funcionava para ele.
那改变了一切。	Isso mudou tudo.
那是个谎话。	Isso era mentira.
那是小李的书。	Esse é o livro de Xiao Li.
问题是怎么出现的？	Como surgiu o problema?
限制白糖和盐的摄取量。	Limite o consumo de açúcar branco e sal.
饶了我吧！	Por favor, me poupe!
